,store,type,department,date,weekly_sales,is_holiday,temperature_c,fuel_price_usd_per_l,unemployment
0,1,A,1,2010-02-05,24924.5,False,5.727777777777779,0.6794508388787476,8.106
1,1,A,1,2010-03-05,21827.9,False,8.055555555555555,0.693451964252221,8.106
2,1,A,1,2010-04-02,57258.43,False,16.81666666666667,0.718284148876872,7.808
3,1,A,1,2010-05-07,17413.94,False,22.52777777777778,0.7489281213923986,7.808
4,1,A,1,2010-06-04,17558.09,False,27.049999999999997,0.7145857384008601,7.808
5,1,A,1,2010-07-02,16333.14,False,27.17222222222222,0.7050755400339724,7.787000000000001
6,1,A,1,2010-08-06,17508.41,False,30.64444444444444,0.693980308605937,7.787000000000001
7,1,A,1,2010-09-03,16241.78,False,27.338888888888885,0.6807716997630375,7.787000000000001
8,1,A,1,2010-10-01,20094.19,False,22.16111111111111,0.6876401763613453,7.837999999999999
9,1,A,1,2010-11-05,34238.88,False,14.855555555555558,0.7103589835711321,7.837999999999999
10,1,A,1,2010-12-03,22517.56,False,9.594444444444447,0.7153782549314341,7.837999999999999
11,1,A,1,2011-01-07,15984.24,False,9.038888888888891,0.7861763983293752,7.742000000000001
12,1,A,2,2010-02-05,50605.27,False,5.727777777777779,0.6794508388787476,8.106
13,1,A,2,2010-03-05,48397.98,False,8.055555555555555,0.693451964252221,8.106
14,1,A,2,2010-04-02,47450.5,False,16.81666666666667,0.718284148876872,7.808
15,1,A,2,2010-05-07,47903.01,False,22.52777777777778,0.7489281213923986,7.808
16,1,A,2,2010-06-04,48754.47,False,27.049999999999997,0.7145857384008601,7.808
17,1,A,2,2010-07-02,47077.72,False,27.17222222222222,0.7050755400339724,7.787000000000001
18,1,A,2,2010-08-06,50031.73,False,30.64444444444444,0.693980308605937,7.787000000000001
19,1,A,2,2010-09-03,49015.05,False,27.338888888888885,0.6807716997630375,7.787000000000001
20,1,A,2,2010-10-01,45829.02,False,22.16111111111111,0.6876401763613453,7.837999999999999
21,1,A,2,2010-11-05,46381.43,False,14.855555555555558,0.7103589835711321,7.837999999999999
22,1,A,2,2010-12-03,44405.02,False,9.594444444444447,0.7153782549314341,7.837999999999999
23,1,A,2,2011-01-07,43202.29,False,9.038888888888891,0.7861763983293752,7.742000000000001
24,1,A,3,2010-02-05,13740.12,False,5.727777777777779,0.6794508388787476,8.106
25,1,A,3,2010-03-05,12275.58,False,8.055555555555555,0.693451964252221,8.106
26,1,A,3,2010-04-02,11157.08,False,16.81666666666667,0.718284148876872,7.808
27,1,A,3,2010-05-07,9372.8,False,22.52777777777778,0.7489281213923986,7.808
28,1,A,3,2010-06-04,8001.41,False,27.049999999999997,0.7145857384008601,7.808
29,1,A,3,2010-07-02,7857.88,False,27.17222222222222,0.7050755400339724,7.787000000000001
30,1,A,3,2010-08-06,26719.02,False,30.64444444444444,0.693980308605937,7.787000000000001
31,1,A,3,2010-09-03,19081.8,False,27.338888888888885,0.6807716997630375,7.787000000000001
32,1,A,3,2010-10-01,9775.17,False,22.16111111111111,0.6876401763613453,7.837999999999999
33,1,A,3,2010-11-05,9825.22,False,14.855555555555558,0.7103589835711321,7.837999999999999
34,1,A,3,2010-12-03,10856.85,False,9.594444444444447,0.7153782549314341,7.837999999999999
35,1,A,3,2011-01-07,15808.15,False,9.038888888888891,0.7861763983293752,7.742000000000001
36,1,A,4,2010-02-05,39954.04,False,5.727777777777779,0.6794508388787476,8.106
37,1,A,4,2010-03-05,38086.19,False,8.055555555555555,0.693451964252221,8.106
38,1,A,4,2010-04-02,37809.49,False,16.81666666666667,0.718284148876872,7.808
39,1,A,4,2010-05-07,37168.34,False,22.52777777777778,0.7489281213923986,7.808
40,1,A,4,2010-06-04,40548.19,False,27.049999999999997,0.7145857384008601,7.808
41,1,A,4,2010-07-02,39773.71,False,27.17222222222222,0.7050755400339724,7.787000000000001
42,1,A,4,2010-08-06,40973.88,False,30.64444444444444,0.693980308605937,7.787000000000001
43,1,A,4,2010-09-03,38321.88,False,27.338888888888885,0.6807716997630375,7.787000000000001
44,1,A,4,2010-10-01,34912.45,False,22.16111111111111,0.6876401763613453,7.837999999999999
45,1,A,4,2010-11-05,37980.55,False,14.855555555555558,0.7103589835711321,7.837999999999999
46,1,A,4,2010-12-03,37110.55,False,9.594444444444447,0.7153782549314341,7.837999999999999
47,1,A,4,2011-01-07,37947.8,False,9.038888888888891,0.7861763983293752,7.742000000000001
48,1,A,5,2010-02-05,32229.38,False,5.727777777777779,0.6794508388787476,8.106
49,1,A,5,2010-03-05,23082.14,False,8.055555555555555,0.693451964252221,8.106
50,1,A,5,2010-04-02,29967.92,False,16.81666666666667,0.718284148876872,7.808
51,1,A,5,2010-05-07,19260.44,False,22.52777777777778,0.7489281213923986,7.808
52,1,A,5,2010-06-04,22932.26,False,27.049999999999997,0.7145857384008601,7.808
53,1,A,5,2010-07-02,18887.71,False,27.17222222222222,0.7050755400339724,7.787000000000001
54,1,A,5,2010-08-06,16926.17,False,30.64444444444444,0.693980308605937,7.787000000000001
55,1,A,5,2010-09-03,15390.52,False,27.338888888888885,0.6807716997630375,7.787000000000001
56,1,A,5,2010-10-01,23381.38,False,22.16111111111111,0.6876401763613453,7.837999999999999
57,1,A,5,2010-11-05,23903.81,False,14.855555555555558,0.7103589835711321,7.837999999999999
58,1,A,5,2010-12-03,36472.02,False,9.594444444444447,0.7153782549314341,7.837999999999999
59,1,A,5,2011-01-07,22699.69,False,9.038888888888891,0.7861763983293752,7.742000000000001
60,1,A,6,2010-02-05,5749.03,False,5.727777777777779,0.6794508388787476,8.106
61,1,A,6,2010-03-05,4221.25,False,8.055555555555555,0.693451964252221,8.106
62,1,A,6,2010-04-02,4132.61,False,16.81666666666667,0.718284148876872,7.808
63,1,A,6,2010-05-07,7477.7,False,22.52777777777778,0.7489281213923986,7.808
64,1,A,6,2010-06-04,5484.9,False,27.049999999999997,0.7145857384008601,7.808
65,1,A,6,2010-07-02,4541.91,False,27.17222222222222,0.7050755400339724,7.787000000000001
66,1,A,6,2010-08-06,4700.38,False,30.64444444444444,0.693980308605937,7.787000000000001
67,1,A,6,2010-09-03,3553.75,False,27.338888888888885,0.6807716997630375,7.787000000000001
68,1,A,6,2010-10-01,2876.19,False,22.16111111111111,0.6876401763613453,7.837999999999999
69,1,A,6,2010-11-05,5036.99,False,14.855555555555558,0.7103589835711321,7.837999999999999
70,1,A,6,2010-12-03,6356.96,False,9.594444444444447,0.7153782549314341,7.837999999999999
71,1,A,6,2011-01-07,1376.15,False,9.038888888888891,0.7861763983293752,7.742000000000001
72,1,A,7,2010-02-05,21084.08,False,5.727777777777779,0.6794508388787476,8.106
73,1,A,7,2010-03-05,19659.7,False,8.055555555555555,0.693451964252221,8.106
74,1,A,7,2010-04-02,22427.62,False,16.81666666666667,0.718284148876872,7.808
75,1,A,7,2010-05-07,20457.62,False,22.52777777777778,0.7489281213923986,7.808
76,1,A,7,2010-06-04,44563.68,False,27.049999999999997,0.7145857384008601,7.808
77,1,A,7,2010-07-02,22589.0,False,27.17222222222222,0.7050755400339724,7.787000000000001
78,1,A,7,2010-08-06,21842.57,False,30.64444444444444,0.693980308605937,7.787000000000001
79,1,A,7,2010-09-03,18005.65,False,27.338888888888885,0.6807716997630375,7.787000000000001
80,1,A,7,2010-10-01,16481.79,False,22.16111111111111,0.6876401763613453,7.837999999999999
81,1,A,7,2010-11-05,19136.58,False,14.855555555555558,0.7103589835711321,7.837999999999999
82,1,A,7,2010-12-03,47406.83,False,9.594444444444447,0.7153782549314341,7.837999999999999
83,1,A,7,2011-01-07,17516.16,False,9.038888888888891,0.7861763983293752,7.742000000000001
84,1,A,8,2010-02-05,40129.01,False,5.727777777777779,0.6794508388787476,8.106
85,1,A,8,2010-03-05,38776.09,False,8.055555555555555,0.693451964252221,8.106
86,1,A,8,2010-04-02,38151.58,False,16.81666666666667,0.718284148876872,7.808
87,1,A,8,2010-05-07,35393.78,False,22.52777777777778,0.7489281213923986,7.808
88,1,A,8,2010-06-04,35181.47,False,27.049999999999997,0.7145857384008601,7.808
89,1,A,8,2010-07-02,35580.01,False,27.17222222222222,0.7050755400339724,7.787000000000001
90,1,A,8,2010-08-06,34833.35,False,30.64444444444444,0.693980308605937,7.787000000000001
91,1,A,8,2010-09-03,35562.68,False,27.338888888888885,0.6807716997630375,7.787000000000001
92,1,A,8,2010-10-01,34658.25,False,22.16111111111111,0.6876401763613453,7.837999999999999
93,1,A,8,2010-11-05,36182.58,False,14.855555555555558,0.7103589835711321,7.837999999999999
94,1,A,8,2010-12-03,36222.74,False,9.594444444444447,0.7153782549314341,7.837999999999999
95,1,A,8,2011-01-07,36599.46,False,9.038888888888891,0.7861763983293752,7.742000000000001
96,1,A,9,2010-02-05,16930.99,False,5.727777777777779,0.6794508388787476,8.106
97,1,A,9,2010-03-05,24064.7,False,8.055555555555555,0.693451964252221,8.106
98,1,A,9,2010-04-02,25435.02,False,16.81666666666667,0.718284148876872,7.808
99,1,A,9,2010-05-07,27588.34,False,22.52777777777778,0.7489281213923986,7.808
100,1,A,9,2010-06-04,36317.39,False,27.049999999999997,0.7145857384008601,7.808
101,1,A,9,2010-07-02,21032.55,False,27.17222222222222,0.7050755400339724,7.787000000000001
102,1,A,9,2010-08-06,19224.82,False,30.64444444444444,0.693980308605937,7.787000000000001
103,1,A,9,2010-09-03,39639.39,False,27.338888888888885,0.6807716997630375,7.787000000000001
104,1,A,9,2010-10-01,44977.91,False,22.16111111111111,0.6876401763613453,7.837999999999999
105,1,A,9,2010-11-05,48794.36,False,14.855555555555558,0.7103589835711321,7.837999999999999
106,1,A,9,2010-12-03,21979.41,False,9.594444444444447,0.7153782549314341,7.837999999999999
107,1,A,9,2011-01-07,16131.88,False,9.038888888888891,0.7861763983293752,7.742000000000001
108,1,A,10,2010-02-05,30721.5,False,5.727777777777779,0.6794508388787476,8.106
109,1,A,10,2010-03-05,33299.27,False,8.055555555555555,0.693451964252221,8.106
110,1,A,10,2010-04-02,31794.04,False,16.81666666666667,0.718284148876872,7.808
111,1,A,10,2010-05-07,32902.69,False,22.52777777777778,0.7489281213923986,7.808
112,1,A,10,2010-06-04,34227.73,False,27.049999999999997,0.7145857384008601,7.808
113,1,A,10,2010-07-02,29779.96,False,27.17222222222222,0.7050755400339724,7.787000000000001
114,1,A,10,2010-08-06,35078.09,False,30.64444444444444,0.693980308605937,7.787000000000001
115,1,A,10,2010-09-03,33457.07,False,27.338888888888885,0.6807716997630375,7.787000000000001
116,1,A,10,2010-10-01,29764.24,False,22.16111111111111,0.6876401763613453,7.837999999999999
117,1,A,10,2010-11-05,31543.83,False,14.855555555555558,0.7103589835711321,7.837999999999999
118,1,A,10,2010-12-03,26558.42,False,9.594444444444447,0.7153782549314341,7.837999999999999
119,1,A,10,2011-01-07,24500.27,False,9.038888888888891,0.7861763983293752,7.742000000000001
120,1,A,11,2010-02-05,24213.18,False,5.727777777777779,0.6794508388787476,8.106
121,1,A,11,2010-03-05,19082.9,False,8.055555555555555,0.693451964252221,8.106
122,1,A,11,2010-04-02,21762.46,False,16.81666666666667,0.718284148876872,7.808
123,1,A,11,2010-05-07,28928.31,False,22.52777777777778,0.7489281213923986,7.808
124,1,A,11,2010-06-04,36263.69,False,27.049999999999997,0.7145857384008601,7.808
125,1,A,11,2010-07-02,26880.74,False,27.17222222222222,0.7050755400339724,7.787000000000001
126,1,A,11,2010-08-06,37289.02,False,30.64444444444444,0.693980308605937,7.787000000000001
127,1,A,11,2010-09-03,17303.3,False,27.338888888888885,0.6807716997630375,7.787000000000001
128,1,A,11,2010-10-01,16227.08,False,22.16111111111111,0.6876401763613453,7.837999999999999
129,1,A,11,2010-11-05,25063.26,False,14.855555555555558,0.7103589835711321,7.837999999999999
130,1,A,11,2010-12-03,29564.78,False,9.594444444444447,0.7153782549314341,7.837999999999999
131,1,A,11,2011-01-07,22496.85,False,9.038888888888891,0.7861763983293752,7.742000000000001
132,1,A,12,2010-02-05,8449.54,False,5.727777777777779,0.6794508388787476,8.106
133,1,A,12,2010-03-05,10239.06,False,8.055555555555555,0.693451964252221,8.106
134,1,A,12,2010-04-02,12033.5,False,16.81666666666667,0.718284148876872,7.808
135,1,A,12,2010-05-07,12761.39,False,22.52777777777778,0.7489281213923986,7.808
136,1,A,12,2010-06-04,13358.92,False,27.049999999999997,0.7145857384008601,7.808
137,1,A,12,2010-07-02,10720.79,False,27.17222222222222,0.7050755400339724,7.787000000000001
138,1,A,12,2010-08-06,12887.52,False,30.64444444444444,0.693980308605937,7.787000000000001
139,1,A,12,2010-09-03,11239.43,False,27.338888888888885,0.6807716997630375,7.787000000000001
140,1,A,12,2010-10-01,9759.85,False,22.16111111111111,0.6876401763613453,7.837999999999999
141,1,A,12,2010-11-05,9345.99,False,14.855555555555558,0.7103589835711321,7.837999999999999
142,1,A,12,2010-12-03,7943.22,False,9.594444444444447,0.7153782549314341,7.837999999999999
143,1,A,12,2011-01-07,8022.82,False,9.038888888888891,0.7861763983293752,7.742000000000001
144,1,A,13,2010-02-05,41969.29,False,5.727777777777779,0.6794508388787476,8.106
145,1,A,13,2010-03-05,40423.95,False,8.055555555555555,0.693451964252221,8.106
146,1,A,13,2010-04-02,38104.53,False,16.81666666666667,0.718284148876872,7.808
147,1,A,13,2010-05-07,40113.4,False,22.52777777777778,0.7489281213923986,7.808
148,1,A,13,2010-06-04,41388.81,False,27.049999999999997,0.7145857384008601,7.808
149,1,A,13,2010-07-02,41214.94,False,27.17222222222222,0.7050755400339724,7.787000000000001
150,1,A,13,2010-08-06,42038.03,False,30.64444444444444,0.693980308605937,7.787000000000001
151,1,A,13,2010-09-03,44863.15,False,27.338888888888885,0.6807716997630375,7.787000000000001
152,1,A,13,2010-10-01,40474.22,False,22.16111111111111,0.6876401763613453,7.837999999999999
153,1,A,13,2010-11-05,41085.66,False,14.855555555555558,0.7103589835711321,7.837999999999999
154,1,A,13,2010-12-03,36170.88,False,9.594444444444447,0.7153782549314341,7.837999999999999
155,1,A,13,2011-01-07,39764.56,False,9.038888888888891,0.7861763983293752,7.742000000000001
156,1,A,14,2010-02-05,19466.91,False,5.727777777777779,0.6794508388787476,8.106
157,1,A,14,2010-03-05,18268.78,False,8.055555555555555,0.693451964252221,8.106
158,1,A,14,2010-04-02,14333.75,False,16.81666666666667,0.718284148876872,7.808
159,1,A,14,2010-05-07,14460.84,False,22.52777777777778,0.7489281213923986,7.808
160,1,A,14,2010-06-04,14491.35,False,27.049999999999997,0.7145857384008601,7.808
161,1,A,14,2010-07-02,13494.79,False,27.17222222222222,0.7050755400339724,7.787000000000001
162,1,A,14,2010-08-06,14404.15,False,30.64444444444444,0.693980308605937,7.787000000000001
163,1,A,14,2010-09-03,13995.39,False,27.338888888888885,0.6807716997630375,7.787000000000001
164,1,A,14,2010-10-01,12943.86,False,22.16111111111111,0.6876401763613453,7.837999999999999
165,1,A,14,2010-11-05,14092.03,False,14.855555555555558,0.7103589835711321,7.837999999999999
166,1,A,14,2010-12-03,17685.93,False,9.594444444444447,0.7153782549314341,7.837999999999999
167,1,A,14,2011-01-07,17744.78,False,9.038888888888891,0.7861763983293752,7.742000000000001
168,1,A,16,2010-02-05,10217.55,False,5.727777777777779,0.6794508388787476,8.106
169,1,A,16,2010-03-05,17129.81,False,8.055555555555555,0.693451964252221,8.106
170,1,A,16,2010-04-02,46060.69,False,16.81666666666667,0.718284148876872,7.808
171,1,A,16,2010-05-07,52933.2,False,22.52777777777778,0.7489281213923986,7.808
172,1,A,16,2010-06-04,47485.63,False,27.049999999999997,0.7145857384008601,7.808
173,1,A,16,2010-07-02,32420.4,False,27.17222222222222,0.7050755400339724,7.787000000000001
174,1,A,16,2010-08-06,24218.72,False,30.64444444444444,0.693980308605937,7.787000000000001
175,1,A,16,2010-09-03,22888.26,False,27.338888888888885,0.6807716997630375,7.787000000000001
176,1,A,16,2010-10-01,16248.15,False,22.16111111111111,0.6876401763613453,7.837999999999999
177,1,A,16,2010-11-05,6063.75,False,14.855555555555558,0.7103589835711321,7.837999999999999
178,1,A,16,2010-12-03,4716.26,False,9.594444444444447,0.7153782549314341,7.837999999999999
179,1,A,16,2011-01-07,5324.47,False,9.038888888888891,0.7861763983293752,7.742000000000001
180,1,A,17,2010-02-05,13223.76,False,5.727777777777779,0.6794508388787476,8.106
181,1,A,17,2010-03-05,12657.65,False,8.055555555555555,0.693451964252221,8.106
182,1,A,17,2010-04-02,9572.23,False,16.81666666666667,0.718284148876872,7.808
183,1,A,17,2010-05-07,9970.0,False,22.52777777777778,0.7489281213923986,7.808
184,1,A,17,2010-06-04,9212.09,False,27.049999999999997,0.7145857384008601,7.808
185,1,A,17,2010-07-02,9242.3,False,27.17222222222222,0.7050755400339724,7.787000000000001
186,1,A,17,2010-08-06,9851.77,False,30.64444444444444,0.693980308605937,7.787000000000001
187,1,A,17,2010-09-03,10118.25,False,27.338888888888885,0.6807716997630375,7.787000000000001
188,1,A,17,2010-10-01,8648.02,False,22.16111111111111,0.6876401763613453,7.837999999999999
189,1,A,17,2010-11-05,9250.94,False,14.855555555555558,0.7103589835711321,7.837999999999999
190,1,A,17,2010-12-03,11045.34,False,9.594444444444447,0.7153782549314341,7.837999999999999
191,1,A,17,2011-01-07,8582.2,False,9.038888888888891,0.7861763983293752,7.742000000000001
192,1,A,18,2010-02-05,4729.5,False,5.727777777777779,0.6794508388787476,8.106
193,1,A,18,2010-03-05,634.61,False,8.055555555555555,0.693451964252221,8.106
194,1,A,18,2010-04-02,17916.41,False,16.81666666666667,0.718284148876872,7.808
195,1,A,18,2010-05-14,0.5,False,23.766666666666666,0.7539473927527004,7.808
196,1,A,18,2010-06-04,4.1,False,27.049999999999997,0.7145857384008601,7.808
197,1,A,18,2010-08-20,1.0,False,30.36111111111111,0.7037546791496825,7.787000000000001
198,1,A,18,2010-09-03,132.0,False,27.338888888888885,0.6807716997630375,7.787000000000001
199,1,A,18,2010-10-01,3389.42,False,22.16111111111111,0.6876401763613453,7.837999999999999
200,1,A,18,2010-11-05,12033.61,False,14.855555555555558,0.7103589835711321,7.837999999999999
201,1,A,18,2010-12-03,53845.12,False,9.594444444444447,0.7153782549314341,7.837999999999999
202,1,A,18,2011-01-07,5180.76,False,9.038888888888891,0.7861763983293752,7.742000000000001
203,1,A,18,2011-07-01,0.5,False,29.75,0.930942751247553,7.962000000000001
204,1,A,19,2010-02-05,1947.05,False,5.727777777777779,0.6794508388787476,8.106
205,1,A,19,2010-03-05,1556.65,False,8.055555555555555,0.693451964252221,8.106
206,1,A,19,2010-04-02,1514.32,False,16.81666666666667,0.718284148876872,7.808
207,1,A,19,2010-05-07,1616.77,False,22.52777777777778,0.7489281213923986,7.808
208,1,A,19,2010-06-04,1106.84,False,27.049999999999997,0.7145857384008601,7.808
209,1,A,19,2010-07-02,1537.76,False,27.17222222222222,0.7050755400339724,7.787000000000001
210,1,A,19,2010-08-06,2169.9,False,30.64444444444444,0.693980308605937,7.787000000000001
211,1,A,19,2010-09-03,1460.74,False,27.338888888888885,0.6807716997630375,7.787000000000001
212,1,A,19,2010-10-01,1583.2,False,22.16111111111111,0.6876401763613453,7.837999999999999
213,1,A,19,2010-11-05,1344.66,False,14.855555555555558,0.7103589835711321,7.837999999999999
214,1,A,19,2010-12-03,1616.77,False,9.594444444444447,0.7153782549314341,7.837999999999999
215,1,A,19,2011-01-07,955.71,False,9.038888888888891,0.7861763983293752,7.742000000000001
216,1,A,20,2010-02-05,5034.1,False,5.727777777777779,0.6794508388787476,8.106
217,1,A,20,2010-03-05,4215.67,False,8.055555555555555,0.693451964252221,8.106
218,1,A,20,2010-04-02,3468.69,False,16.81666666666667,0.718284148876872,7.808
219,1,A,20,2010-05-07,4249.64,False,22.52777777777778,0.7489281213923986,7.808
220,1,A,20,2010-06-04,7150.79,False,27.049999999999997,0.7145857384008601,7.808
221,1,A,20,2010-07-02,5958.02,False,27.17222222222222,0.7050755400339724,7.787000000000001
222,1,A,20,2010-08-06,4764.92,False,30.64444444444444,0.693980308605937,7.787000000000001
223,1,A,20,2010-09-03,3985.35,False,27.338888888888885,0.6807716997630375,7.787000000000001
224,1,A,20,2010-10-01,3859.87,False,22.16111111111111,0.6876401763613453,7.837999999999999
225,1,A,20,2010-11-05,2961.74,False,14.855555555555558,0.7103589835711321,7.837999999999999
226,1,A,20,2010-12-03,2656.78,False,9.594444444444447,0.7153782549314341,7.837999999999999
227,1,A,20,2011-01-07,3218.91,False,9.038888888888891,0.7861763983293752,7.742000000000001
228,1,A,21,2010-02-05,8907.63,False,5.727777777777779,0.6794508388787476,8.106
229,1,A,21,2010-03-05,8275.44,False,8.055555555555555,0.693451964252221,8.106
230,1,A,21,2010-04-02,8432.73,False,16.81666666666667,0.718284148876872,7.808
231,1,A,21,2010-05-07,8356.06,False,22.52777777777778,0.7489281213923986,7.808
232,1,A,21,2010-06-04,8326.97,False,27.049999999999997,0.7145857384008601,7.808
233,1,A,21,2010-07-02,8662.48,False,27.17222222222222,0.7050755400339724,7.787000000000001
234,1,A,21,2010-08-06,7573.36,False,30.64444444444444,0.693980308605937,7.787000000000001
235,1,A,21,2010-09-03,8664.27,False,27.338888888888885,0.6807716997630375,7.787000000000001
236,1,A,21,2010-10-01,7880.07,False,22.16111111111111,0.6876401763613453,7.837999999999999
237,1,A,21,2010-11-05,7608.28,False,14.855555555555558,0.7103589835711321,7.837999999999999
238,1,A,21,2010-12-03,8844.39,False,9.594444444444447,0.7153782549314341,7.837999999999999
239,1,A,21,2011-01-07,7716.16,False,9.038888888888891,0.7861763983293752,7.742000000000001
240,1,A,22,2010-02-05,13623.98,False,5.727777777777779,0.6794508388787476,8.106
241,1,A,22,2010-03-05,8219.49,False,8.055555555555555,0.693451964252221,8.106
242,1,A,22,2010-04-02,7589.35,False,16.81666666666667,0.718284148876872,7.808
243,1,A,22,2010-05-07,7175.17,False,22.52777777777778,0.7489281213923986,7.808
244,1,A,22,2010-06-04,7708.71,False,27.049999999999997,0.7145857384008601,7.808
245,1,A,22,2010-07-02,6785.55,False,27.17222222222222,0.7050755400339724,7.787000000000001
246,1,A,22,2010-08-06,7703.29,False,30.64444444444444,0.693980308605937,7.787000000000001
247,1,A,22,2010-09-03,7244.16,False,27.338888888888885,0.6807716997630375,7.787000000000001
248,1,A,22,2010-10-01,8353.58,False,22.16111111111111,0.6876401763613453,7.837999999999999
249,1,A,22,2010-11-05,8085.19,False,14.855555555555558,0.7103589835711321,7.837999999999999
250,1,A,22,2010-12-03,9384.42,False,9.594444444444447,0.7153782549314341,7.837999999999999
251,1,A,22,2011-01-07,7742.97,False,9.038888888888891,0.7861763983293752,7.742000000000001
252,1,A,23,2010-02-05,24146.49,False,5.727777777777779,0.6794508388787476,8.106
253,1,A,23,2010-03-05,18993.69,False,8.055555555555555,0.693451964252221,8.106
254,1,A,23,2010-04-02,18666.57,False,16.81666666666667,0.718284148876872,7.808
255,1,A,23,2010-05-07,22172.27,False,22.52777777777778,0.7489281213923986,7.808
256,1,A,23,2010-06-04,28857.18,False,27.049999999999997,0.7145857384008601,7.808
257,1,A,23,2010-07-02,23137.32,False,27.17222222222222,0.7050755400339724,7.787000000000001
258,1,A,23,2010-08-06,22200.83,False,30.64444444444444,0.693980308605937,7.787000000000001
259,1,A,23,2010-09-03,19045.76,False,27.338888888888885,0.6807716997630375,7.787000000000001
260,1,A,23,2010-10-01,18377.92,False,22.16111111111111,0.6876401763613453,7.837999999999999
261,1,A,23,2010-11-05,26416.48,False,14.855555555555558,0.7103589835711321,7.837999999999999
262,1,A,23,2010-12-03,24834.59,False,9.594444444444447,0.7153782549314341,7.837999999999999
263,1,A,23,2011-01-07,16955.3,False,9.038888888888891,0.7861763983293752,7.742000000000001
264,1,A,24,2010-02-05,8272.9,False,5.727777777777779,0.6794508388787476,8.106
265,1,A,24,2010-03-05,6885.9,False,8.055555555555555,0.693451964252221,8.106
266,1,A,24,2010-04-02,7219.38,False,16.81666666666667,0.718284148876872,7.808
267,1,A,24,2010-05-07,5675.4,False,22.52777777777778,0.7489281213923986,7.808
268,1,A,24,2010-06-04,6024.48,False,27.049999999999997,0.7145857384008601,7.808
269,1,A,24,2010-07-02,4608.04,False,27.17222222222222,0.7050755400339724,7.787000000000001
270,1,A,24,2010-08-06,10293.02,False,30.64444444444444,0.693980308605937,7.787000000000001
271,1,A,24,2010-09-03,4759.52,False,27.338888888888885,0.6807716997630375,7.787000000000001
272,1,A,24,2010-10-01,5430.09,False,22.16111111111111,0.6876401763613453,7.837999999999999
273,1,A,24,2010-11-05,7834.13,False,14.855555555555558,0.7103589835711321,7.837999999999999
274,1,A,24,2010-12-03,8971.35,False,9.594444444444447,0.7153782549314341,7.837999999999999
275,1,A,24,2011-01-07,4858.97,False,9.038888888888891,0.7861763983293752,7.742000000000001
276,1,A,25,2010-02-05,11609.5,False,5.727777777777779,0.6794508388787476,8.106
277,1,A,25,2010-03-05,10345.5,False,8.055555555555555,0.693451964252221,8.106
278,1,A,25,2010-04-02,14964.5,False,16.81666666666667,0.718284148876872,7.808
279,1,A,25,2010-05-07,11446.25,False,22.52777777777778,0.7489281213923986,7.808
280,1,A,25,2010-06-04,13504.5,False,27.049999999999997,0.7145857384008601,7.808
281,1,A,25,2010-07-02,10504.25,False,27.17222222222222,0.7050755400339724,7.787000000000001
282,1,A,25,2010-08-06,8737.4,False,30.64444444444444,0.693980308605937,7.787000000000001
283,1,A,25,2010-09-03,9170.32,False,27.338888888888885,0.6807716997630375,7.787000000000001
284,1,A,25,2010-10-01,8643.04,False,22.16111111111111,0.6876401763613453,7.837999999999999
285,1,A,25,2010-11-05,10713.05,False,14.855555555555558,0.7103589835711321,7.837999999999999
286,1,A,25,2010-12-03,10536.65,False,9.594444444444447,0.7153782549314341,7.837999999999999
287,1,A,25,2011-01-07,6747.11,False,9.038888888888891,0.7861763983293752,7.742000000000001
288,1,A,26,2010-02-05,11737.12,False,5.727777777777779,0.6794508388787476,8.106
289,1,A,26,2010-03-05,8772.65,False,8.055555555555555,0.693451964252221,8.106
290,1,A,26,2010-04-02,9137.94,False,16.81666666666667,0.718284148876872,7.808
291,1,A,26,2010-05-07,7994.2,False,22.52777777777778,0.7489281213923986,7.808
292,1,A,26,2010-06-04,7184.92,False,27.049999999999997,0.7145857384008601,7.808
293,1,A,26,2010-07-02,5552.42,False,27.17222222222222,0.7050755400339724,7.787000000000001
294,1,A,26,2010-08-06,6151.1,False,30.64444444444444,0.693980308605937,7.787000000000001
295,1,A,26,2010-09-03,6357.16,False,27.338888888888885,0.6807716997630375,7.787000000000001
296,1,A,26,2010-10-01,8255.99,False,22.16111111111111,0.6876401763613453,7.837999999999999
297,1,A,26,2010-11-05,9601.7,False,14.855555555555558,0.7103589835711321,7.837999999999999
298,1,A,26,2010-12-03,8572.96,False,9.594444444444447,0.7153782549314341,7.837999999999999
299,1,A,26,2011-01-07,4010.16,False,9.038888888888891,0.7861763983293752,7.742000000000001
300,1,A,27,2010-02-05,2293.0,False,5.727777777777779,0.6794508388787476,8.106
301,1,A,27,2010-03-05,1467.5,False,8.055555555555555,0.693451964252221,8.106
302,1,A,27,2010-04-02,934.5,False,16.81666666666667,0.718284148876872,7.808
303,1,A,27,2010-05-07,966.75,False,22.52777777777778,0.7489281213923986,7.808
304,1,A,27,2010-06-04,827.52,False,27.049999999999997,0.7145857384008601,7.808
305,1,A,27,2010-07-02,849.69,False,27.17222222222222,0.7050755400339724,7.787000000000001
306,1,A,27,2010-08-06,1317.52,False,30.64444444444444,0.693980308605937,7.787000000000001
307,1,A,27,2010-09-03,867.29,False,27.338888888888885,0.6807716997630375,7.787000000000001
308,1,A,27,2010-10-01,1042.3,False,22.16111111111111,0.6876401763613453,7.837999999999999
309,1,A,27,2010-11-05,1654.8,False,14.855555555555558,0.7103589835711321,7.837999999999999
310,1,A,27,2010-12-03,2385.59,False,9.594444444444447,0.7153782549314341,7.837999999999999
311,1,A,27,2011-01-07,1562.57,False,9.038888888888891,0.7861763983293752,7.742000000000001
312,1,A,28,2010-02-05,1085.29,False,5.727777777777779,0.6794508388787476,8.106
313,1,A,28,2010-03-05,1002.2,False,8.055555555555555,0.693451964252221,8.106
314,1,A,28,2010-04-02,995.36,False,16.81666666666667,0.718284148876872,7.808
315,1,A,28,2010-05-07,773.22,False,22.52777777777778,0.7489281213923986,7.808
316,1,A,28,2010-06-04,483.93,False,27.049999999999997,0.7145857384008601,7.808
317,1,A,28,2010-07-02,446.76,False,27.17222222222222,0.7050755400339724,7.787000000000001
318,1,A,28,2010-08-06,532.59,False,30.64444444444444,0.693980308605937,7.787000000000001
319,1,A,28,2010-09-03,406.39,False,27.338888888888885,0.6807716997630375,7.787000000000001
320,1,A,28,2010-10-01,741.36,False,22.16111111111111,0.6876401763613453,7.837999999999999
321,1,A,28,2010-11-05,857.28,False,14.855555555555558,0.7103589835711321,7.837999999999999
322,1,A,28,2010-12-03,731.31,False,9.594444444444447,0.7153782549314341,7.837999999999999
323,1,A,28,2011-01-07,656.29,False,9.038888888888891,0.7861763983293752,7.742000000000001
324,1,A,29,2010-02-05,7024.95,False,5.727777777777779,0.6794508388787476,8.106
325,1,A,29,2010-03-05,5306.7,False,8.055555555555555,0.693451964252221,8.106
326,1,A,29,2010-04-02,4143.54,False,16.81666666666667,0.718284148876872,7.808
327,1,A,29,2010-05-07,5277.46,False,22.52777777777778,0.7489281213923986,7.808
328,1,A,29,2010-06-04,4062.22,False,27.049999999999997,0.7145857384008601,7.808
329,1,A,29,2010-07-02,5222.08,False,27.17222222222222,0.7050755400339724,7.787000000000001
330,1,A,29,2010-08-06,5511.97,False,30.64444444444444,0.693980308605937,7.787000000000001
331,1,A,29,2010-09-03,4892.98,False,27.338888888888885,0.6807716997630375,7.787000000000001
332,1,A,29,2010-10-01,3425.58,False,22.16111111111111,0.6876401763613453,7.837999999999999
333,1,A,29,2010-11-05,5087.02,False,14.855555555555558,0.7103589835711321,7.837999999999999
334,1,A,29,2010-12-03,5539.2,False,9.594444444444447,0.7153782549314341,7.837999999999999
335,1,A,29,2011-01-07,4993.4,False,9.038888888888891,0.7861763983293752,7.742000000000001
336,1,A,30,2010-02-05,5491.0,False,5.727777777777779,0.6794508388787476,8.106
337,1,A,30,2010-03-05,4360.5,False,8.055555555555555,0.693451964252221,8.106
338,1,A,30,2010-04-02,4278.26,False,16.81666666666667,0.718284148876872,7.808
339,1,A,30,2010-05-07,5308.69,False,22.52777777777778,0.7489281213923986,7.808
340,1,A,30,2010-06-04,4230.56,False,27.049999999999997,0.7145857384008601,7.808
341,1,A,30,2010-07-02,4124.82,False,27.17222222222222,0.7050755400339724,7.787000000000001
342,1,A,30,2010-08-06,4505.88,False,30.64444444444444,0.693980308605937,7.787000000000001
343,1,A,30,2010-09-03,3485.88,False,27.338888888888885,0.6807716997630375,7.787000000000001
344,1,A,30,2010-10-01,3257.42,False,22.16111111111111,0.6876401763613453,7.837999999999999
345,1,A,30,2010-11-05,2915.0,False,14.855555555555558,0.7103589835711321,7.837999999999999
346,1,A,30,2010-12-03,2830.96,False,9.594444444444447,0.7153782549314341,7.837999999999999
347,1,A,30,2011-01-07,2785.92,False,9.038888888888891,0.7861763983293752,7.742000000000001
348,1,A,31,2010-02-05,3455.92,False,5.727777777777779,0.6794508388787476,8.106
349,1,A,31,2010-03-05,2595.8,False,8.055555555555555,0.693451964252221,8.106
350,1,A,31,2010-04-02,1601.0,False,16.81666666666667,0.718284148876872,7.808
351,1,A,31,2010-05-07,2117.3,False,22.52777777777778,0.7489281213923986,7.808
352,1,A,31,2010-06-04,1864.96,False,27.049999999999997,0.7145857384008601,7.808
353,1,A,31,2010-07-02,1581.34,False,27.17222222222222,0.7050755400339724,7.787000000000001
354,1,A,31,2010-08-06,3989.01,False,30.64444444444444,0.693980308605937,7.787000000000001
355,1,A,31,2010-09-03,2805.56,False,27.338888888888885,0.6807716997630375,7.787000000000001
356,1,A,31,2010-10-01,1915.08,False,22.16111111111111,0.6876401763613453,7.837999999999999
357,1,A,31,2010-11-05,2618.32,False,14.855555555555558,0.7103589835711321,7.837999999999999
358,1,A,31,2010-12-03,3199.9,False,9.594444444444447,0.7153782549314341,7.837999999999999
359,1,A,31,2011-01-07,2149.06,False,9.038888888888891,0.7861763983293752,7.742000000000001
360,1,A,32,2010-02-05,11875.84,False,5.727777777777779,0.6794508388787476,8.106
361,1,A,32,2010-03-05,9907.51,False,8.055555555555555,0.693451964252221,8.106
362,1,A,32,2010-04-02,7648.28,False,16.81666666666667,0.718284148876872,7.808
363,1,A,32,2010-05-07,9616.73,False,22.52777777777778,0.7489281213923986,7.808
364,1,A,32,2010-06-04,8841.86,False,27.049999999999997,0.7145857384008601,7.808
365,1,A,32,2010-07-02,6939.97,False,27.17222222222222,0.7050755400339724,7.787000000000001
366,1,A,32,2010-08-06,5571.23,False,30.64444444444444,0.693980308605937,7.787000000000001
367,1,A,32,2010-09-03,6516.53,False,27.338888888888885,0.6807716997630375,7.787000000000001
368,1,A,32,2010-10-01,6695.46,False,22.16111111111111,0.6876401763613453,7.837999999999999
369,1,A,32,2010-11-05,5804.88,False,14.855555555555558,0.7103589835711321,7.837999999999999
370,1,A,32,2010-12-03,9755.72,False,9.594444444444447,0.7153782549314341,7.837999999999999
371,1,A,32,2011-01-07,5276.25,False,9.038888888888891,0.7861763983293752,7.742000000000001
372,1,A,33,2010-02-05,8589.77,False,5.727777777777779,0.6794508388787476,8.106
373,1,A,33,2010-03-05,6214.6,False,8.055555555555555,0.693451964252221,8.106
374,1,A,33,2010-04-02,7681.63,False,16.81666666666667,0.718284148876872,7.808
375,1,A,33,2010-05-07,5779.0,False,22.52777777777778,0.7489281213923986,7.808
376,1,A,33,2010-06-04,7048.49,False,27.049999999999997,0.7145857384008601,7.808
377,1,A,33,2010-07-02,4791.4,False,27.17222222222222,0.7050755400339724,7.787000000000001
378,1,A,33,2010-08-06,9313.16,False,30.64444444444444,0.693980308605937,7.787000000000001
379,1,A,33,2010-09-03,4049.83,False,27.338888888888885,0.6807716997630375,7.787000000000001
380,1,A,33,2010-10-01,5114.13,False,22.16111111111111,0.6876401763613453,7.837999999999999
381,1,A,33,2010-11-05,7503.79,False,14.855555555555558,0.7103589835711321,7.837999999999999
382,1,A,33,2010-12-03,8736.0,False,9.594444444444447,0.7153782549314341,7.837999999999999
383,1,A,33,2011-01-07,3835.59,False,9.038888888888891,0.7861763983293752,7.742000000000001
384,1,A,34,2010-02-05,14350.83,False,5.727777777777779,0.6794508388787476,8.106
385,1,A,34,2010-03-05,12571.5,False,8.055555555555555,0.693451964252221,8.106
386,1,A,34,2010-04-02,10282.66,False,16.81666666666667,0.718284148876872,7.808
387,1,A,34,2010-05-07,15135.17,False,22.52777777777778,0.7489281213923986,7.808
388,1,A,34,2010-06-04,16317.32,False,27.049999999999997,0.7145857384008601,7.808
389,1,A,34,2010-07-02,11627.5,False,27.17222222222222,0.7050755400339724,7.787000000000001
390,1,A,34,2010-08-06,9872.5,False,30.64444444444444,0.693980308605937,7.787000000000001
391,1,A,34,2010-09-03,8629.5,False,27.338888888888885,0.6807716997630375,7.787000000000001
392,1,A,34,2010-10-01,8534.5,False,22.16111111111111,0.6876401763613453,7.837999999999999
393,1,A,34,2010-11-05,12338.25,False,14.855555555555558,0.7103589835711321,7.837999999999999
394,1,A,34,2010-12-03,11624.3,False,9.594444444444447,0.7153782549314341,7.837999999999999
395,1,A,34,2011-01-07,8186.25,False,9.038888888888891,0.7861763983293752,7.742000000000001
396,1,A,35,2010-02-05,2770.0,False,5.727777777777779,0.6794508388787476,8.106
397,1,A,35,2010-03-05,2752.0,False,8.055555555555555,0.693451964252221,8.106
398,1,A,35,2010-04-02,2275.0,False,16.81666666666667,0.718284148876872,7.808
399,1,A,35,2010-05-07,3639.0,False,22.52777777777778,0.7489281213923986,7.808
400,1,A,35,2010-06-04,3409.0,False,27.049999999999997,0.7145857384008601,7.808
401,1,A,35,2010-07-02,2799.04,False,27.17222222222222,0.7050755400339724,7.787000000000001
402,1,A,35,2010-08-06,2639.0,False,30.64444444444444,0.693980308605937,7.787000000000001
403,1,A,35,2010-09-03,2273.0,False,27.338888888888885,0.6807716997630375,7.787000000000001
404,1,A,35,2010-10-01,1816.0,False,22.16111111111111,0.6876401763613453,7.837999999999999
405,1,A,35,2010-11-05,3199.0,False,14.855555555555558,0.7103589835711321,7.837999999999999
406,1,A,35,2010-12-03,3023.0,False,9.594444444444447,0.7153782549314341,7.837999999999999
407,1,A,35,2011-01-07,2029.75,False,9.038888888888891,0.7861763983293752,7.742000000000001
408,1,A,36,2010-02-05,120.0,False,5.727777777777779,0.6794508388787476,8.106
409,1,A,36,2010-03-05,648.0,False,8.055555555555555,0.693451964252221,8.106
410,1,A,36,2010-04-02,886.5,False,16.81666666666667,0.718284148876872,7.808
411,1,A,36,2010-05-07,1455.5,False,22.52777777777778,0.7489281213923986,7.808
412,1,A,36,2010-06-04,5850.0,False,27.049999999999997,0.7145857384008601,7.808
413,1,A,36,2010-07-02,2807.0,False,27.17222222222222,0.7050755400339724,7.787000000000001
414,1,A,36,2010-08-06,1596.0,False,30.64444444444444,0.693980308605937,7.787000000000001
415,1,A,36,2010-09-03,591.0,False,27.338888888888885,0.6807716997630375,7.787000000000001
416,1,A,36,2010-10-01,142.0,False,22.16111111111111,0.6876401763613453,7.837999999999999
417,1,A,36,2010-11-05,1375.0,False,14.855555555555558,0.7103589835711321,7.837999999999999
418,1,A,36,2010-12-03,2188.0,False,9.594444444444447,0.7153782549314341,7.837999999999999
419,1,A,36,2011-01-07,786.0,False,9.038888888888891,0.7861763983293752,7.742000000000001
420,1,A,37,2010-02-05,3438.16,False,5.727777777777779,0.6794508388787476,8.106
421,1,A,37,2010-03-05,3647.82,False,8.055555555555555,0.693451964252221,8.106
422,1,A,37,2010-04-02,2973.38,False,16.81666666666667,0.718284148876872,7.808
423,1,A,37,2010-05-07,3529.85,False,22.52777777777778,0.7489281213923986,7.808
424,1,A,37,2010-06-04,3145.77,False,27.049999999999997,0.7145857384008601,7.808
425,1,A,37,2010-07-02,2939.0,False,27.17222222222222,0.7050755400339724,7.787000000000001
426,1,A,37,2010-08-06,2846.27,False,30.64444444444444,0.693980308605937,7.787000000000001
427,1,A,37,2010-09-03,3198.28,False,27.338888888888885,0.6807716997630375,7.787000000000001
428,1,A,37,2010-10-01,3030.43,False,22.16111111111111,0.6876401763613453,7.837999999999999
429,1,A,37,2010-11-05,2871.57,False,14.855555555555558,0.7103589835711321,7.837999999999999
430,1,A,37,2010-12-03,2475.6,False,9.594444444444447,0.7153782549314341,7.837999999999999
431,1,A,37,2011-01-07,2279.17,False,9.038888888888891,0.7861763983293752,7.742000000000001
432,1,A,38,2010-02-05,115564.35,False,5.727777777777779,0.6794508388787476,8.106
433,1,A,38,2010-03-05,108282.86,False,8.055555555555555,0.693451964252221,8.106
434,1,A,38,2010-04-02,101566.87,False,16.81666666666667,0.718284148876872,7.808
435,1,A,38,2010-05-07,107634.21,False,22.52777777777778,0.7489281213923986,7.808
436,1,A,38,2010-06-04,96137.67,False,27.049999999999997,0.7145857384008601,7.808
437,1,A,38,2010-07-02,100958.25,False,27.17222222222222,0.7050755400339724,7.787000000000001
438,1,A,38,2010-08-06,93809.75,False,30.64444444444444,0.693980308605937,7.787000000000001
439,1,A,38,2010-09-03,90990.93,False,27.338888888888885,0.6807716997630375,7.787000000000001
440,1,A,38,2010-10-01,112126.81,False,22.16111111111111,0.6876401763613453,7.837999999999999
441,1,A,38,2010-11-05,77547.67,False,14.855555555555558,0.7103589835711321,7.837999999999999
442,1,A,38,2010-12-03,87338.34,False,9.594444444444447,0.7153782549314341,7.837999999999999
443,1,A,38,2011-01-07,85242.8,False,9.038888888888891,0.7861763983293752,7.742000000000001
444,1,A,40,2010-02-05,66780.63,False,5.727777777777779,0.6794508388787476,8.106
445,1,A,40,2010-03-05,67000.83,False,8.055555555555555,0.693451964252221,8.106
446,1,A,40,2010-04-02,62278.04,False,16.81666666666667,0.718284148876872,7.808
447,1,A,40,2010-05-07,61099.85,False,22.52777777777778,0.7489281213923986,7.808
448,1,A,40,2010-06-04,58507.93,False,27.049999999999997,0.7145857384008601,7.808
449,1,A,40,2010-07-02,56751.6,False,27.17222222222222,0.7050755400339724,7.787000000000001
450,1,A,40,2010-08-06,57414.42,False,30.64444444444444,0.693980308605937,7.787000000000001
451,1,A,40,2010-09-03,60555.12,False,27.338888888888885,0.6807716997630375,7.787000000000001
452,1,A,40,2010-10-01,58625.28,False,22.16111111111111,0.6876401763613453,7.837999999999999
453,1,A,40,2010-11-05,62762.19,False,14.855555555555558,0.7103589835711321,7.837999999999999
454,1,A,40,2010-12-03,63116.31,False,9.594444444444447,0.7153782549314341,7.837999999999999
455,1,A,40,2011-01-07,63517.55,False,9.038888888888891,0.7861763983293752,7.742000000000001
456,1,A,41,2010-02-05,1011.83,False,5.727777777777779,0.6794508388787476,8.106
457,1,A,41,2010-03-05,1405.96,False,8.055555555555555,0.693451964252221,8.106
458,1,A,41,2010-04-02,1450.76,False,16.81666666666667,0.718284148876872,7.808
459,1,A,41,2010-05-07,964.0,False,22.52777777777778,0.7489281213923986,7.808
460,1,A,41,2010-06-04,736.88,False,27.049999999999997,0.7145857384008601,7.808
461,1,A,41,2010-07-02,556.0,False,27.17222222222222,0.7050755400339724,7.787000000000001
462,1,A,41,2010-08-06,1044.0,False,30.64444444444444,0.693980308605937,7.787000000000001
463,1,A,41,2010-09-03,3767.0,False,27.338888888888885,0.6807716997630375,7.787000000000001
464,1,A,41,2010-10-01,1521.0,False,22.16111111111111,0.6876401763613453,7.837999999999999
465,1,A,41,2010-11-05,2228.87,False,14.855555555555558,0.7103589835711321,7.837999999999999
466,1,A,41,2010-12-03,1238.0,False,9.594444444444447,0.7153782549314341,7.837999999999999
467,1,A,41,2011-01-07,565.75,False,9.038888888888891,0.7861763983293752,7.742000000000001
468,1,A,42,2010-02-05,8366.71,False,5.727777777777779,0.6794508388787476,8.106
469,1,A,42,2010-03-05,9701.14,False,8.055555555555555,0.693451964252221,8.106
470,1,A,42,2010-04-02,9263.75,False,16.81666666666667,0.718284148876872,7.808
471,1,A,42,2010-05-07,9415.84,False,22.52777777777778,0.7489281213923986,7.808
472,1,A,42,2010-06-04,8686.52,False,27.049999999999997,0.7145857384008601,7.808
473,1,A,42,2010-07-02,8204.64,False,27.17222222222222,0.7050755400339724,7.787000000000001
474,1,A,42,2010-08-06,8670.44,False,30.64444444444444,0.693980308605937,7.787000000000001
475,1,A,42,2010-09-03,9462.86,False,27.338888888888885,0.6807716997630375,7.787000000000001
476,1,A,42,2010-10-01,7578.6,False,22.16111111111111,0.6876401763613453,7.837999999999999
477,1,A,42,2010-11-05,8004.7,False,14.855555555555558,0.7103589835711321,7.837999999999999
478,1,A,42,2010-12-03,7032.59,False,9.594444444444447,0.7153782549314341,7.837999999999999
479,1,A,42,2011-01-07,7935.25,False,9.038888888888891,0.7861763983293752,7.742000000000001
480,1,A,44,2010-02-05,4674.75,False,5.727777777777779,0.6794508388787476,8.106
481,1,A,44,2010-03-05,4465.33,False,8.055555555555555,0.693451964252221,8.106
482,1,A,44,2010-04-02,4216.19,False,16.81666666666667,0.718284148876872,7.808
483,1,A,44,2010-05-07,5201.2,False,22.52777777777778,0.7489281213923986,7.808
484,1,A,44,2010-06-04,4407.29,False,27.049999999999997,0.7145857384008601,7.808
485,1,A,44,2010-07-02,4137.45,False,27.17222222222222,0.7050755400339724,7.787000000000001
486,1,A,44,2010-08-06,5151.43,False,30.64444444444444,0.693980308605937,7.787000000000001
487,1,A,44,2010-09-03,5213.53,False,27.338888888888885,0.6807716997630375,7.787000000000001
488,1,A,44,2010-10-01,4484.02,False,22.16111111111111,0.6876401763613453,7.837999999999999
489,1,A,44,2010-11-05,4669.76,False,14.855555555555558,0.7103589835711321,7.837999999999999
490,1,A,44,2010-12-03,5773.13,False,9.594444444444447,0.7153782549314341,7.837999999999999
491,1,A,44,2011-01-07,3825.19,False,9.038888888888891,0.7861763983293752,7.742000000000001
492,1,A,45,2010-02-05,37.44,False,5.727777777777779,0.6794508388787476,8.106
493,1,A,45,2010-03-05,74.35,False,8.055555555555555,0.693451964252221,8.106
494,1,A,45,2010-04-02,13.5,False,16.81666666666667,0.718284148876872,7.808
495,1,A,45,2010-05-07,2.5,False,22.52777777777778,0.7489281213923986,7.808
496,1,A,45,2010-06-04,5.0,False,27.049999999999997,0.7145857384008601,7.808
497,1,A,45,2010-07-02,5.0,False,27.17222222222222,0.7050755400339724,7.787000000000001
498,1,A,45,2010-09-10,11.47,True,25.938888888888886,0.6776016336407417,7.787000000000001
499,1,A,45,2010-10-01,22.94,False,22.16111111111111,0.6876401763613453,7.837999999999999
500,1,A,45,2010-11-05,10.47,False,14.855555555555558,0.7103589835711321,7.837999999999999
501,1,A,45,2010-12-17,22.94,False,9.911111111111113,0.7579099754055703,7.837999999999999
502,1,A,45,2011-01-07,22.94,False,9.038888888888891,0.7861763983293752,7.742000000000001
503,1,A,45,2011-08-26,35.91,False,31.088888888888885,0.9306785790706951,7.962000000000001
504,1,A,46,2010-02-05,20837.77,False,5.727777777777779,0.6794508388787476,8.106
505,1,A,46,2010-03-05,20565.45,False,8.055555555555555,0.693451964252221,8.106
506,1,A,46,2010-04-02,19053.49,False,16.81666666666667,0.718284148876872,7.808
507,1,A,46,2010-05-07,19219.2,False,22.52777777777778,0.7489281213923986,7.808
508,1,A,46,2010-06-04,22445.36,False,27.049999999999997,0.7145857384008601,7.808
509,1,A,46,2010-07-02,19082.57,False,27.17222222222222,0.7050755400339724,7.787000000000001
510,1,A,46,2010-08-06,19380.82,False,30.64444444444444,0.693980308605937,7.787000000000001
511,1,A,46,2010-09-03,18797.69,False,27.338888888888885,0.6807716997630375,7.787000000000001
512,1,A,46,2010-10-01,17058.26,False,22.16111111111111,0.6876401763613453,7.837999999999999
513,1,A,46,2010-11-05,18063.45,False,14.855555555555558,0.7103589835711321,7.837999999999999
514,1,A,46,2010-12-03,18473.14,False,9.594444444444447,0.7153782549314341,7.837999999999999
515,1,A,46,2011-01-07,17391.06,False,9.038888888888891,0.7861763983293752,7.742000000000001
516,1,A,47,2010-02-05,70.0,False,5.727777777777779,0.6794508388787476,8.106
517,1,A,47,2010-03-12,-698.0,False,14.327777777777776,0.7045471956802565,8.106
518,1,A,47,2010-04-09,14.0,False,18.811111111111114,0.7317569298966294,7.808
519,1,A,47,2010-10-08,-58.0,False,17.73888888888889,0.695565341667085,7.837999999999999
520,1,A,47,2010-11-12,20.0,False,15.33888888888889,0.720661698468594,7.837999999999999
521,1,A,47,2010-12-24,89.0,False,11.294444444444444,0.7624009024121562,7.837999999999999
522,1,A,47,2011-07-08,-198.0,False,29.90555555555555,0.9193191754658016,7.962000000000001
523,1,A,47,2011-08-05,198.0,False,33.138888888888886,0.9732102995448312,7.962000000000001
524,1,A,47,2012-06-08,178.0,False,25.72222222222222,0.9119223545137779,7.143
525,1,A,47,2012-09-28,224.0,False,24.488888888888887,0.9684552003613875,6.9079999999999995
526,1,A,48,2010-02-05,814.0,False,5.727777777777779,0.6794508388787476,8.106
527,1,A,48,2010-03-05,771.0,False,8.055555555555555,0.693451964252221,8.106
528,1,A,48,2010-04-02,247.0,False,16.81666666666667,0.718284148876872,7.808
529,1,A,48,2010-05-07,274.0,False,22.52777777777778,0.7489281213923986,7.808
530,1,A,48,2010-06-11,641.0,False,26.90555555555556,0.7048113678571145,7.808
531,1,A,48,2010-07-02,157.0,False,27.17222222222222,0.7050755400339724,7.787000000000001
532,1,A,48,2010-08-13,187.0,False,30.555555555555557,0.7111515001017061,7.787000000000001
533,1,A,48,2010-09-03,227.0,False,27.338888888888885,0.6807716997630375,7.787000000000001
534,1,A,48,2010-10-01,666.0,False,22.16111111111111,0.6876401763613453,7.837999999999999
535,1,A,48,2010-11-05,861.0,False,14.855555555555558,0.7103589835711321,7.837999999999999
536,1,A,48,2010-12-03,675.0,False,9.594444444444447,0.7153782549314341,7.837999999999999
537,1,A,48,2011-01-07,117.0,False,9.038888888888891,0.7861763983293752,7.742000000000001
538,1,A,49,2010-02-05,11501.46,False,5.727777777777779,0.6794508388787476,8.106
539,1,A,49,2010-03-05,16445.28,False,8.055555555555555,0.693451964252221,8.106
540,1,A,49,2010-04-02,12755.33,False,16.81666666666667,0.718284148876872,7.808
541,1,A,49,2010-05-07,14878.8,False,22.52777777777778,0.7489281213923986,7.808
542,1,A,49,2010-06-04,7291.66,False,27.049999999999997,0.7145857384008601,7.808
543,1,A,49,2010-07-02,11393.34,False,27.17222222222222,0.7050755400339724,7.787000000000001
544,1,A,49,2010-08-06,11454.96,False,30.64444444444444,0.693980308605937,7.787000000000001
545,1,A,49,2010-09-03,13015.08,False,27.338888888888885,0.6807716997630375,7.787000000000001
546,1,A,49,2010-10-01,8377.12,False,22.16111111111111,0.6876401763613453,7.837999999999999
547,1,A,49,2010-11-05,13601.15,False,14.855555555555558,0.7103589835711321,7.837999999999999
548,1,A,49,2010-12-03,10253.73,False,9.594444444444447,0.7153782549314341,7.837999999999999
549,1,A,49,2011-01-07,12627.13,False,9.038888888888891,0.7861763983293752,7.742000000000001
550,1,A,51,2010-02-05,1.16,False,5.727777777777779,0.6794508388787476,8.106
551,1,A,51,2010-03-05,27.92,False,8.055555555555555,0.693451964252221,8.106
552,1,A,51,2010-04-02,0.75,False,16.81666666666667,0.718284148876872,7.808
553,1,A,51,2010-05-07,185.8,False,22.52777777777778,0.7489281213923986,7.808
554,1,A,51,2010-06-04,40.92,False,27.049999999999997,0.7145857384008601,7.808
555,1,A,51,2010-07-02,50.04,False,27.17222222222222,0.7050755400339724,7.787000000000001
556,1,A,51,2010-08-06,11.12,False,30.64444444444444,0.693980308605937,7.787000000000001
557,1,A,51,2010-09-03,22.24,False,27.338888888888885,0.6807716997630375,7.787000000000001
558,1,A,51,2010-10-01,11.12,False,22.16111111111111,0.6876401763613453,7.837999999999999
559,1,A,52,2010-02-05,3508.04,False,5.727777777777779,0.6794508388787476,8.106
560,1,A,52,2010-03-05,3212.82,False,8.055555555555555,0.693451964252221,8.106
561,1,A,52,2010-04-02,3168.93,False,16.81666666666667,0.718284148876872,7.808
562,1,A,52,2010-05-07,3792.44,False,22.52777777777778,0.7489281213923986,7.808
563,1,A,52,2010-06-04,2174.68,False,27.049999999999997,0.7145857384008601,7.808
564,1,A,52,2010-07-02,1708.17,False,27.17222222222222,0.7050755400339724,7.787000000000001
565,1,A,52,2010-08-06,2339.98,False,30.64444444444444,0.693980308605937,7.787000000000001
566,1,A,52,2010-09-03,2750.3,False,27.338888888888885,0.6807716997630375,7.787000000000001
567,1,A,52,2010-10-01,3300.65,False,22.16111111111111,0.6876401763613453,7.837999999999999
568,1,A,52,2010-11-05,2995.15,False,14.855555555555558,0.7103589835711321,7.837999999999999
569,1,A,52,2010-12-03,3781.13,False,9.594444444444447,0.7153782549314341,7.837999999999999
570,1,A,52,2011-01-07,1862.15,False,9.038888888888891,0.7861763983293752,7.742000000000001
571,1,A,54,2010-02-05,439.0,False,5.727777777777779,0.6794508388787476,8.106
572,1,A,54,2010-03-05,198.97,False,8.055555555555555,0.693451964252221,8.106
573,1,A,54,2010-04-02,220.0,False,16.81666666666667,0.718284148876872,7.808
574,1,A,54,2010-05-07,233.0,False,22.52777777777778,0.7489281213923986,7.808
575,1,A,54,2010-06-04,266.0,False,27.049999999999997,0.7145857384008601,7.808
576,1,A,54,2010-07-02,196.0,False,27.17222222222222,0.7050755400339724,7.787000000000001
577,1,A,54,2010-08-06,140.0,False,30.64444444444444,0.693980308605937,7.787000000000001
578,1,A,54,2010-09-03,46.0,False,27.338888888888885,0.6807716997630375,7.787000000000001
579,1,A,54,2010-10-01,116.0,False,22.16111111111111,0.6876401763613453,7.837999999999999
580,1,A,54,2010-11-05,63.84,False,14.855555555555558,0.7103589835711321,7.837999999999999
581,1,A,54,2010-12-03,110.84,False,9.594444444444447,0.7153782549314341,7.837999999999999
582,1,A,54,2011-01-07,51.84,False,9.038888888888891,0.7861763983293752,7.742000000000001
583,1,A,55,2010-02-05,21249.31,False,5.727777777777779,0.6794508388787476,8.106
584,1,A,55,2010-03-05,16120.04,False,8.055555555555555,0.693451964252221,8.106
585,1,A,55,2010-04-02,13435.38,False,16.81666666666667,0.718284148876872,7.808
586,1,A,55,2010-05-07,11062.66,False,22.52777777777778,0.7489281213923986,7.808
587,1,A,55,2010-06-04,12515.03,False,27.049999999999997,0.7145857384008601,7.808
588,1,A,55,2010-07-02,11466.06,False,27.17222222222222,0.7050755400339724,7.787000000000001
589,1,A,55,2010-08-06,11091.06,False,30.64444444444444,0.693980308605937,7.787000000000001
590,1,A,55,2010-09-03,9059.84,False,27.338888888888885,0.6807716997630375,7.787000000000001
591,1,A,55,2010-10-01,10911.03,False,22.16111111111111,0.6876401763613453,7.837999999999999
592,1,A,55,2010-11-05,12562.6,False,14.855555555555558,0.7103589835711321,7.837999999999999
593,1,A,55,2010-12-03,18661.25,False,9.594444444444447,0.7153782549314341,7.837999999999999
594,1,A,55,2011-01-07,13296.99,False,9.038888888888891,0.7861763983293752,7.742000000000001
595,1,A,56,2010-02-05,2567.36,False,5.727777777777779,0.6794508388787476,8.106
596,1,A,56,2010-03-05,5298.62,False,8.055555555555555,0.693451964252221,8.106
597,1,A,56,2010-04-02,13928.36,False,16.81666666666667,0.718284148876872,7.808
598,1,A,56,2010-05-07,11085.84,False,22.52777777777778,0.7489281213923986,7.808
599,1,A,56,2010-06-04,3672.22,False,27.049999999999997,0.7145857384008601,7.808
600,1,A,56,2010-07-02,2759.98,False,27.17222222222222,0.7050755400339724,7.787000000000001
601,1,A,56,2010-08-06,1942.33,False,30.64444444444444,0.693980308605937,7.787000000000001
602,1,A,56,2010-09-03,1632.06,False,27.338888888888885,0.6807716997630375,7.787000000000001
603,1,A,56,2010-10-01,2054.05,False,22.16111111111111,0.6876401763613453,7.837999999999999
604,1,A,56,2010-11-05,1089.72,False,14.855555555555558,0.7103589835711321,7.837999999999999
605,1,A,56,2010-12-03,1849.72,False,9.594444444444447,0.7153782549314341,7.837999999999999
606,1,A,56,2011-01-07,946.45,False,9.038888888888891,0.7861763983293752,7.742000000000001
607,1,A,58,2010-02-05,7659.97,False,5.727777777777779,0.6794508388787476,8.106
608,1,A,58,2010-03-05,5796.0,False,8.055555555555555,0.693451964252221,8.106
609,1,A,58,2010-04-02,4587.0,False,16.81666666666667,0.718284148876872,7.808
610,1,A,58,2010-05-07,4608.0,False,22.52777777777778,0.7489281213923986,7.808
611,1,A,58,2010-06-04,4970.0,False,27.049999999999997,0.7145857384008601,7.808
612,1,A,58,2010-07-02,4539.0,False,27.17222222222222,0.7050755400339724,7.787000000000001
613,1,A,58,2010-08-06,5329.0,False,30.64444444444444,0.693980308605937,7.787000000000001
614,1,A,58,2010-09-03,3090.0,False,27.338888888888885,0.6807716997630375,7.787000000000001
615,1,A,58,2010-10-01,743.0,False,22.16111111111111,0.6876401763613453,7.837999999999999
616,1,A,58,2010-11-05,2228.0,False,14.855555555555558,0.7103589835711321,7.837999999999999
617,1,A,58,2010-12-03,2969.0,False,9.594444444444447,0.7153782549314341,7.837999999999999
618,1,A,58,2011-01-07,2331.0,False,9.038888888888891,0.7861763983293752,7.742000000000001
619,1,A,59,2010-02-05,1409.34,False,5.727777777777779,0.6794508388787476,8.106
620,1,A,59,2010-03-05,1275.29,False,8.055555555555555,0.693451964252221,8.106
621,1,A,59,2010-04-02,1320.11,False,16.81666666666667,0.718284148876872,7.808
622,1,A,59,2010-05-07,998.14,False,22.52777777777778,0.7489281213923986,7.808
623,1,A,59,2010-06-04,1067.51,False,27.049999999999997,0.7145857384008601,7.808
624,1,A,59,2010-07-02,968.32,False,27.17222222222222,0.7050755400339724,7.787000000000001
625,1,A,59,2010-08-06,778.33,False,30.64444444444444,0.693980308605937,7.787000000000001
626,1,A,59,2010-09-03,651.3,False,27.338888888888885,0.6807716997630375,7.787000000000001
627,1,A,59,2010-10-01,574.77,False,22.16111111111111,0.6876401763613453,7.837999999999999
628,1,A,59,2010-11-05,650.35,False,14.855555555555558,0.7103589835711321,7.837999999999999
629,1,A,59,2010-12-03,2457.54,False,9.594444444444447,0.7153782549314341,7.837999999999999
630,1,A,59,2011-01-07,1163.59,False,9.038888888888891,0.7861763983293752,7.742000000000001
631,1,A,60,2010-02-05,1416.8,False,5.727777777777779,0.6794508388787476,8.106
632,1,A,60,2010-03-05,1371.0,False,8.055555555555555,0.693451964252221,8.106
633,1,A,60,2010-04-02,1179.2,False,16.81666666666667,0.718284148876872,7.808
634,1,A,60,2010-05-07,1372.8,False,22.52777777777778,0.7489281213923986,7.808
635,1,A,60,2010-06-04,1144.0,False,27.049999999999997,0.7145857384008601,7.808
636,1,A,60,2010-07-02,1293.6,False,27.17222222222222,0.7050755400339724,7.787000000000001
637,1,A,60,2010-08-06,1100.0,False,30.64444444444444,0.693980308605937,7.787000000000001
638,1,A,60,2010-09-03,1161.6,False,27.338888888888885,0.6807716997630375,7.787000000000001
639,1,A,60,2010-10-01,1029.6,False,22.16111111111111,0.6876401763613453,7.837999999999999
640,1,A,60,2010-11-05,1284.8,False,14.855555555555558,0.7103589835711321,7.837999999999999
641,1,A,60,2010-12-03,1540.0,False,9.594444444444447,0.7153782549314341,7.837999999999999
642,1,A,60,2011-01-07,1091.2,False,9.038888888888891,0.7861763983293752,7.742000000000001
643,1,A,67,2010-02-05,8414.14,False,5.727777777777779,0.6794508388787476,8.106
644,1,A,67,2010-03-05,6519.39,False,8.055555555555555,0.693451964252221,8.106
645,1,A,67,2010-04-02,7963.67,False,16.81666666666667,0.718284148876872,7.808
646,1,A,67,2010-05-07,17902.17,False,22.52777777777778,0.7489281213923986,7.808
647,1,A,67,2010-06-04,9802.74,False,27.049999999999997,0.7145857384008601,7.808
648,1,A,67,2010-07-02,5770.92,False,27.17222222222222,0.7050755400339724,7.787000000000001
649,1,A,67,2010-08-06,6045.09,False,30.64444444444444,0.693980308605937,7.787000000000001
650,1,A,67,2010-09-03,6531.18,False,27.338888888888885,0.6807716997630375,7.787000000000001
651,1,A,67,2010-10-01,5652.94,False,22.16111111111111,0.6876401763613453,7.837999999999999
652,1,A,67,2010-11-05,5919.76,False,14.855555555555558,0.7103589835711321,7.837999999999999
653,1,A,67,2010-12-03,5900.71,False,9.594444444444447,0.7153782549314341,7.837999999999999
654,1,A,67,2011-01-07,4441.06,False,9.038888888888891,0.7861763983293752,7.742000000000001
655,1,A,71,2010-02-05,5421.14,False,5.727777777777779,0.6794508388787476,8.106
656,1,A,71,2010-03-05,3010.0,False,8.055555555555555,0.693451964252221,8.106
657,1,A,71,2010-04-02,2372.0,False,16.81666666666667,0.718284148876872,7.808
658,1,A,71,2010-05-07,1692.54,False,22.52777777777778,0.7489281213923986,7.808
659,1,A,71,2010-06-04,2362.54,False,27.049999999999997,0.7145857384008601,7.808
660,1,A,71,2010-07-02,1861.0,False,27.17222222222222,0.7050755400339724,7.787000000000001
661,1,A,71,2010-08-06,3475.0,False,30.64444444444444,0.693980308605937,7.787000000000001
662,1,A,71,2010-09-03,2064.54,False,27.338888888888885,0.6807716997630375,7.787000000000001
663,1,A,71,2010-10-01,2644.46,False,22.16111111111111,0.6876401763613453,7.837999999999999
664,1,A,71,2010-11-05,2527.76,False,14.855555555555558,0.7103589835711321,7.837999999999999
665,1,A,71,2010-12-03,1958.0,False,9.594444444444447,0.7153782549314341,7.837999999999999
666,1,A,71,2011-01-07,1485.18,False,9.038888888888891,0.7861763983293752,7.742000000000001
667,1,A,72,2010-02-05,98499.12,False,5.727777777777779,0.6794508388787476,8.106
668,1,A,72,2010-03-05,65525.74,False,8.055555555555555,0.693451964252221,8.106
669,1,A,72,2010-04-02,50079.67,False,16.81666666666667,0.718284148876872,7.808
670,1,A,72,2010-05-07,39104.1,False,22.52777777777778,0.7489281213923986,7.808
671,1,A,72,2010-06-04,38638.6,False,27.049999999999997,0.7145857384008601,7.808
672,1,A,72,2010-07-02,36242.12,False,27.17222222222222,0.7050755400339724,7.787000000000001
673,1,A,72,2010-08-06,39070.7,False,30.64444444444444,0.693980308605937,7.787000000000001
674,1,A,72,2010-09-03,43630.1,False,27.338888888888885,0.6807716997630375,7.787000000000001
675,1,A,72,2010-10-01,39017.88,False,22.16111111111111,0.6876401763613453,7.837999999999999
676,1,A,72,2010-11-05,38960.78,False,14.855555555555558,0.7103589835711321,7.837999999999999
677,1,A,72,2010-12-03,54268.03,False,9.594444444444447,0.7153782549314341,7.837999999999999
678,1,A,72,2011-01-07,42581.15,False,9.038888888888891,0.7861763983293752,7.742000000000001
679,1,A,74,2010-02-05,12251.94,False,5.727777777777779,0.6794508388787476,8.106
680,1,A,74,2010-03-05,13824.33,False,8.055555555555555,0.693451964252221,8.106
681,1,A,74,2010-04-02,10625.15,False,16.81666666666667,0.718284148876872,7.808
682,1,A,74,2010-05-07,11805.33,False,22.52777777777778,0.7489281213923986,7.808
683,1,A,74,2010-06-04,12881.32,False,27.049999999999997,0.7145857384008601,7.808
684,1,A,74,2010-07-02,14864.7,False,27.17222222222222,0.7050755400339724,7.787000000000001
685,1,A,74,2010-08-06,14102.24,False,30.64444444444444,0.693980308605937,7.787000000000001
686,1,A,74,2010-09-03,11691.33,False,27.338888888888885,0.6807716997630375,7.787000000000001
687,1,A,74,2010-10-01,10672.47,False,22.16111111111111,0.6876401763613453,7.837999999999999
688,1,A,74,2010-11-05,10107.0,False,14.855555555555558,0.7103589835711321,7.837999999999999
689,1,A,74,2010-12-03,9942.74,False,9.594444444444447,0.7153782549314341,7.837999999999999
690,1,A,74,2011-01-07,14345.74,False,9.038888888888891,0.7861763983293752,7.742000000000001
691,1,A,77,2011-11-25,1431.0,True,15.633333333333333,0.8548611643124523,7.8660000000000005
692,1,A,77,2011-12-02,204.0,False,9.394444444444442,0.8379541449935409,7.8660000000000005
693,1,A,77,2012-01-20,396.0,False,12.283333333333333,0.863314673971908,7.348
694,1,A,78,2010-03-05,12.0,False,8.055555555555555,0.693451964252221,8.106
695,1,A,78,2010-04-16,12.0,False,19.066666666666663,0.741795472617233,7.808
696,1,A,78,2010-05-07,12.0,False,22.52777777777778,0.7489281213923986,7.808
697,1,A,78,2011-08-26,10.0,False,31.088888888888885,0.9306785790706951,7.962000000000001
698,1,A,79,2010-02-05,46729.77,False,5.727777777777779,0.6794508388787476,8.106
699,1,A,79,2010-03-05,42931.77,False,8.055555555555555,0.693451964252221,8.106
700,1,A,79,2010-04-02,40910.94,False,16.81666666666667,0.718284148876872,7.808
701,1,A,79,2010-05-07,44039.92,False,22.52777777777778,0.7489281213923986,7.808
702,1,A,79,2010-06-04,42732.59,False,27.049999999999997,0.7145857384008601,7.808
703,1,A,79,2010-07-02,37745.99,False,27.17222222222222,0.7050755400339724,7.787000000000001
704,1,A,79,2010-08-06,43224.38,False,30.64444444444444,0.693980308605937,7.787000000000001
705,1,A,79,2010-09-03,39538.08,False,27.338888888888885,0.6807716997630375,7.787000000000001
706,1,A,79,2010-10-01,31074.81,False,22.16111111111111,0.6876401763613453,7.837999999999999
707,1,A,79,2010-11-05,39589.08,False,14.855555555555558,0.7103589835711321,7.837999999999999
708,1,A,79,2010-12-03,32861.33,False,9.594444444444447,0.7153782549314341,7.837999999999999
709,1,A,79,2011-01-07,39984.6,False,9.038888888888891,0.7861763983293752,7.742000000000001
710,1,A,80,2010-02-05,15694.17,False,5.727777777777779,0.6794508388787476,8.106
711,1,A,80,2010-03-05,15680.71,False,8.055555555555555,0.693451964252221,8.106
712,1,A,80,2010-04-02,14810.01,False,16.81666666666667,0.718284148876872,7.808
713,1,A,80,2010-05-07,15356.54,False,22.52777777777778,0.7489281213923986,7.808
714,1,A,80,2010-06-04,16789.53,False,27.049999999999997,0.7145857384008601,7.808
715,1,A,80,2010-07-02,14823.95,False,27.17222222222222,0.7050755400339724,7.787000000000001
716,1,A,80,2010-08-06,17325.53,False,30.64444444444444,0.693980308605937,7.787000000000001
717,1,A,80,2010-09-03,16173.15,False,27.338888888888885,0.6807716997630375,7.787000000000001
718,1,A,80,2010-10-01,15460.88,False,22.16111111111111,0.6876401763613453,7.837999999999999
719,1,A,80,2010-11-05,15412.29,False,14.855555555555558,0.7103589835711321,7.837999999999999
720,1,A,80,2010-12-03,13560.2,False,9.594444444444447,0.7153782549314341,7.837999999999999
721,1,A,80,2011-01-07,14670.69,False,9.038888888888891,0.7861763983293752,7.742000000000001
722,1,A,81,2010-02-05,30052.75,False,5.727777777777779,0.6794508388787476,8.106
723,1,A,81,2010-03-05,29957.47,False,8.055555555555555,0.693451964252221,8.106
724,1,A,81,2010-04-02,29649.34,False,16.81666666666667,0.718284148876872,7.808
725,1,A,81,2010-05-07,31614.83,False,22.52777777777778,0.7489281213923986,7.808
726,1,A,81,2010-06-04,30186.24,False,27.049999999999997,0.7145857384008601,7.808
727,1,A,81,2010-07-02,30551.07,False,27.17222222222222,0.7050755400339724,7.787000000000001
728,1,A,81,2010-08-06,31201.67,False,30.64444444444444,0.693980308605937,7.787000000000001
729,1,A,81,2010-09-03,30199.35,False,27.338888888888885,0.6807716997630375,7.787000000000001
730,1,A,81,2010-10-01,28460.62,False,22.16111111111111,0.6876401763613453,7.837999999999999
731,1,A,81,2010-11-05,28962.33,False,14.855555555555558,0.7103589835711321,7.837999999999999
732,1,A,81,2010-12-03,26820.53,False,9.594444444444447,0.7153782549314341,7.837999999999999
733,1,A,81,2011-01-07,27932.0,False,9.038888888888891,0.7861763983293752,7.742000000000001
734,1,A,82,2010-02-05,19484.03,False,5.727777777777779,0.6794508388787476,8.106
735,1,A,82,2010-03-05,19974.91,False,8.055555555555555,0.693451964252221,8.106
736,1,A,82,2010-04-02,17695.89,False,16.81666666666667,0.718284148876872,7.808
737,1,A,82,2010-05-07,17893.1,False,22.52777777777778,0.7489281213923986,7.808
738,1,A,82,2010-06-04,20519.54,False,27.049999999999997,0.7145857384008601,7.808
739,1,A,82,2010-07-02,18581.75,False,27.17222222222222,0.7050755400339724,7.787000000000001
740,1,A,82,2010-08-06,18429.47,False,30.64444444444444,0.693980308605937,7.787000000000001
741,1,A,82,2010-09-03,19146.83,False,27.338888888888885,0.6807716997630375,7.787000000000001
742,1,A,82,2010-10-01,20110.05,False,22.16111111111111,0.6876401763613453,7.837999999999999
743,1,A,82,2010-11-05,21850.85,False,14.855555555555558,0.7103589835711321,7.837999999999999
744,1,A,82,2010-12-03,25685.14,False,9.594444444444447,0.7153782549314341,7.837999999999999
745,1,A,82,2011-01-07,20707.94,False,9.038888888888891,0.7861763983293752,7.742000000000001
746,1,A,83,2010-02-05,5711.19,False,5.727777777777779,0.6794508388787476,8.106
747,1,A,83,2010-03-05,8840.0,False,8.055555555555555,0.693451964252221,8.106
748,1,A,83,2010-04-02,7829.88,False,16.81666666666667,0.718284148876872,7.808
749,1,A,83,2010-05-07,6034.61,False,22.52777777777778,0.7489281213923986,7.808
750,1,A,83,2010-06-04,5160.57,False,27.049999999999997,0.7145857384008601,7.808
751,1,A,83,2010-07-02,5829.64,False,27.17222222222222,0.7050755400339724,7.787000000000001
752,1,A,83,2010-08-06,6456.95,False,30.64444444444444,0.693980308605937,7.787000000000001
753,1,A,83,2010-09-03,5320.7,False,27.338888888888885,0.6807716997630375,7.787000000000001
754,1,A,83,2010-10-01,4471.0,False,22.16111111111111,0.6876401763613453,7.837999999999999
755,1,A,83,2010-11-05,4703.97,False,14.855555555555558,0.7103589835711321,7.837999999999999
756,1,A,83,2010-12-03,4037.17,False,9.594444444444447,0.7153782549314341,7.837999999999999
757,1,A,83,2011-01-07,6219.34,False,9.038888888888891,0.7861763983293752,7.742000000000001
758,1,A,85,2010-02-05,3825.78,False,5.727777777777779,0.6794508388787476,8.106
759,1,A,85,2010-03-05,4027.52,False,8.055555555555555,0.693451964252221,8.106
760,1,A,85,2010-04-02,3585.97,False,16.81666666666667,0.718284148876872,7.808
761,1,A,85,2010-05-07,5023.93,False,22.52777777777778,0.7489281213923986,7.808
762,1,A,85,2010-06-04,4682.03,False,27.049999999999997,0.7145857384008601,7.808
763,1,A,85,2010-07-02,3708.1,False,27.17222222222222,0.7050755400339724,7.787000000000001
764,1,A,85,2010-08-06,4408.58,False,30.64444444444444,0.693980308605937,7.787000000000001
765,1,A,85,2010-09-03,4019.68,False,27.338888888888885,0.6807716997630375,7.787000000000001
766,1,A,85,2010-10-01,3422.19,False,22.16111111111111,0.6876401763613453,7.837999999999999
767,1,A,85,2010-11-05,3790.85,False,14.855555555555558,0.7103589835711321,7.837999999999999
768,1,A,85,2010-12-03,4648.21,False,9.594444444444447,0.7153782549314341,7.837999999999999
769,1,A,85,2011-01-07,4121.22,False,9.038888888888891,0.7861763983293752,7.742000000000001
770,1,A,87,2010-02-05,35972.49,False,5.727777777777779,0.6794508388787476,8.106
771,1,A,87,2010-03-05,30800.98,False,8.055555555555555,0.693451964252221,8.106
772,1,A,87,2010-04-02,32893.64,False,16.81666666666667,0.718284148876872,7.808
773,1,A,87,2010-05-07,41094.12,False,22.52777777777778,0.7489281213923986,7.808
774,1,A,87,2010-06-04,38128.15,False,27.049999999999997,0.7145857384008601,7.808
775,1,A,87,2010-07-02,42866.79,False,27.17222222222222,0.7050755400339724,7.787000000000001
776,1,A,87,2010-08-06,47141.7,False,30.64444444444444,0.693980308605937,7.787000000000001
777,1,A,87,2010-09-03,48940.83,False,27.338888888888885,0.6807716997630375,7.787000000000001
778,1,A,87,2010-10-01,46866.41,False,22.16111111111111,0.6876401763613453,7.837999999999999
779,1,A,87,2010-11-05,53902.35,False,14.855555555555558,0.7103589835711321,7.837999999999999
780,1,A,87,2010-12-03,52678.88,False,9.594444444444447,0.7153782549314341,7.837999999999999
781,1,A,87,2011-01-07,49541.9,False,9.038888888888891,0.7861763983293752,7.742000000000001
782,1,A,90,2010-02-05,76419.47,False,5.727777777777779,0.6794508388787476,8.106
783,1,A,90,2010-03-05,78081.85,False,8.055555555555555,0.693451964252221,8.106
784,1,A,90,2010-04-02,77280.42,False,16.81666666666667,0.718284148876872,7.808
785,1,A,90,2010-05-07,76733.25,False,22.52777777777778,0.7489281213923986,7.808
786,1,A,90,2010-06-04,76433.03,False,27.049999999999997,0.7145857384008601,7.808
787,1,A,90,2010-07-02,78602.71,False,27.17222222222222,0.7050755400339724,7.787000000000001
788,1,A,90,2010-08-06,78840.85,False,30.64444444444444,0.693980308605937,7.787000000000001
789,1,A,90,2010-09-03,79049.67,False,27.338888888888885,0.6807716997630375,7.787000000000001
790,1,A,90,2010-10-01,73315.81,False,22.16111111111111,0.6876401763613453,7.837999999999999
791,1,A,90,2010-11-05,77903.38,False,14.855555555555558,0.7103589835711321,7.837999999999999
792,1,A,90,2010-12-03,73277.05,False,9.594444444444447,0.7153782549314341,7.837999999999999
793,1,A,90,2011-01-07,78502.53,False,9.038888888888891,0.7861763983293752,7.742000000000001
794,1,A,91,2010-02-05,62424.14,False,5.727777777777779,0.6794508388787476,8.106
795,1,A,91,2010-03-05,62755.71,False,8.055555555555555,0.693451964252221,8.106
796,1,A,91,2010-04-02,57845.36,False,16.81666666666667,0.718284148876872,7.808
797,1,A,91,2010-05-07,66019.35,False,22.52777777777778,0.7489281213923986,7.808
798,1,A,91,2010-06-04,59985.57,False,27.049999999999997,0.7145857384008601,7.808
799,1,A,91,2010-07-02,59462.22,False,27.17222222222222,0.7050755400339724,7.787000000000001
800,1,A,91,2010-08-06,68302.1,False,30.64444444444444,0.693980308605937,7.787000000000001
801,1,A,91,2010-09-03,64708.91,False,27.338888888888885,0.6807716997630375,7.787000000000001
802,1,A,91,2010-10-01,57022.45,False,22.16111111111111,0.6876401763613453,7.837999999999999
803,1,A,91,2010-11-05,60344.73,False,14.855555555555558,0.7103589835711321,7.837999999999999
804,1,A,91,2010-12-03,51969.94,False,9.594444444444447,0.7153782549314341,7.837999999999999
805,1,A,91,2011-01-07,66465.54,False,9.038888888888891,0.7861763983293752,7.742000000000001
806,1,A,92,2010-02-05,139884.94,False,5.727777777777779,0.6794508388787476,8.106
807,1,A,92,2010-03-05,132945.44,False,8.055555555555555,0.693451964252221,8.106
808,1,A,92,2010-04-02,126907.41,False,16.81666666666667,0.718284148876872,7.808
809,1,A,92,2010-05-07,132217.62,False,22.52777777777778,0.7489281213923986,7.808
810,1,A,92,2010-06-04,126058.88,False,27.049999999999997,0.7145857384008601,7.808
811,1,A,92,2010-07-02,122267.65,False,27.17222222222222,0.7050755400339724,7.787000000000001
812,1,A,92,2010-08-06,136852.18,False,30.64444444444444,0.693980308605937,7.787000000000001
813,1,A,92,2010-09-03,130199.04,False,27.338888888888885,0.6807716997630375,7.787000000000001
814,1,A,92,2010-10-01,118966.9,False,22.16111111111111,0.6876401763613453,7.837999999999999
815,1,A,92,2010-11-05,140504.41,False,14.855555555555558,0.7103589835711321,7.837999999999999
816,1,A,92,2010-12-03,119421.7,False,9.594444444444447,0.7153782549314341,7.837999999999999
817,1,A,92,2011-01-07,137438.84,False,9.038888888888891,0.7861763983293752,7.742000000000001
818,1,A,93,2010-02-05,64494.87,False,5.727777777777779,0.6794508388787476,8.106
819,1,A,93,2010-03-05,63550.08,False,8.055555555555555,0.693451964252221,8.106
820,1,A,93,2010-04-02,63245.0,False,16.81666666666667,0.718284148876872,7.808
821,1,A,93,2010-05-07,70383.0,False,22.52777777777778,0.7489281213923986,7.808
822,1,A,93,2010-06-04,71718.04,False,27.049999999999997,0.7145857384008601,7.808
823,1,A,93,2010-07-02,69962.56,False,27.17222222222222,0.7050755400339724,7.787000000000001
824,1,A,93,2010-08-06,69274.95,False,30.64444444444444,0.693980308605937,7.787000000000001
825,1,A,93,2010-09-03,68070.49,False,27.338888888888885,0.6807716997630375,7.787000000000001
826,1,A,93,2010-10-01,58034.24,False,22.16111111111111,0.6876401763613453,7.837999999999999
827,1,A,93,2010-11-05,69542.18,False,14.855555555555558,0.7103589835711321,7.837999999999999
828,1,A,93,2010-12-03,56070.53,False,9.594444444444447,0.7153782549314341,7.837999999999999
829,1,A,93,2011-01-07,72231.45,False,9.038888888888891,0.7861763983293752,7.742000000000001
830,1,A,94,2010-02-05,56655.39,False,5.727777777777779,0.6794508388787476,8.106
831,1,A,94,2010-03-05,59201.37,False,8.055555555555555,0.693451964252221,8.106
832,1,A,94,2010-04-02,66172.11,False,16.81666666666667,0.718284148876872,7.808
833,1,A,94,2010-05-07,67595.65,False,22.52777777777778,0.7489281213923986,7.808
834,1,A,94,2010-06-04,64495.92,False,27.049999999999997,0.7145857384008601,7.808
835,1,A,94,2010-07-02,62795.87,False,27.17222222222222,0.7050755400339724,7.787000000000001
836,1,A,94,2010-08-06,65856.36,False,30.64444444444444,0.693980308605937,7.787000000000001
837,1,A,94,2010-09-03,64285.98,False,27.338888888888885,0.6807716997630375,7.787000000000001
838,1,A,94,2010-10-01,56157.83,False,22.16111111111111,0.6876401763613453,7.837999999999999
839,1,A,94,2010-11-05,53352.96,False,14.855555555555558,0.7103589835711321,7.837999999999999
840,1,A,94,2010-12-03,45989.26,False,9.594444444444447,0.7153782549314341,7.837999999999999
841,1,A,94,2011-01-07,54928.05,False,9.038888888888891,0.7861763983293752,7.742000000000001
842,1,A,95,2010-02-05,106690.06,False,5.727777777777779,0.6794508388787476,8.106
843,1,A,95,2010-03-05,112807.75,False,8.055555555555555,0.693451964252221,8.106
844,1,A,95,2010-04-02,111466.37,False,16.81666666666667,0.718284148876872,7.808
845,1,A,95,2010-05-07,125592.28,False,22.52777777777778,0.7489281213923986,7.808
846,1,A,95,2010-06-04,133056.97,False,27.049999999999997,0.7145857384008601,7.808
847,1,A,95,2010-07-02,124821.44,False,27.17222222222222,0.7050755400339724,7.787000000000001
848,1,A,95,2010-08-06,131128.96,False,30.64444444444444,0.693980308605937,7.787000000000001
849,1,A,95,2010-09-03,124220.1,False,27.338888888888885,0.6807716997630375,7.787000000000001
850,1,A,95,2010-10-01,113009.41,False,22.16111111111111,0.6876401763613453,7.837999999999999
851,1,A,95,2010-11-05,110332.92,False,14.855555555555558,0.7103589835711321,7.837999999999999
852,1,A,95,2010-12-03,100834.31,False,9.594444444444447,0.7153782549314341,7.837999999999999
853,1,A,95,2011-01-07,107317.32,False,9.038888888888891,0.7861763983293752,7.742000000000001
854,1,A,96,2010-07-02,5265.09,False,27.17222222222222,0.7050755400339724,7.787000000000001
855,1,A,96,2010-08-06,31233.67,False,30.64444444444444,0.693980308605937,7.787000000000001
856,1,A,96,2010-09-03,28420.73,False,27.338888888888885,0.6807716997630375,7.787000000000001
857,1,A,96,2010-10-01,27930.71,False,22.16111111111111,0.6876401763613453,7.837999999999999
858,1,A,96,2010-11-05,27824.48,False,14.855555555555558,0.7103589835711321,7.837999999999999
859,1,A,96,2010-12-03,23153.17,False,9.594444444444447,0.7153782549314341,7.837999999999999
860,1,A,96,2011-01-07,19419.74,False,9.038888888888891,0.7861763983293752,7.742000000000001
861,1,A,96,2011-02-04,28899.26,False,5.7055555555555575,0.7896106366285289,7.742000000000001
862,1,A,96,2011-03-04,30353.42,False,15.32222222222222,0.8685981175090678,7.742000000000001
863,1,A,96,2011-04-01,31925.72,False,15.094444444444447,0.930942751247553,7.682
864,1,A,96,2011-05-06,35061.31,False,18.116666666666667,1.0318565228073049,7.682
865,1,A,96,2011-06-03,45278.54,False,28.333333333333332,0.977172882197701,7.682
866,1,A,97,2010-02-05,32153.04,False,5.727777777777779,0.6794508388787476,8.106
867,1,A,97,2010-03-05,31576.47,False,8.055555555555555,0.693451964252221,8.106
868,1,A,97,2010-04-02,30149.2,False,16.81666666666667,0.718284148876872,7.808
869,1,A,97,2010-05-07,34449.36,False,22.52777777777778,0.7489281213923986,7.808
870,1,A,97,2010-06-04,35109.14,False,27.049999999999997,0.7145857384008601,7.808
871,1,A,97,2010-07-02,33726.13,False,27.17222222222222,0.7050755400339724,7.787000000000001
872,1,A,97,2010-08-06,37436.74,False,30.64444444444444,0.693980308605937,7.787000000000001
873,1,A,97,2010-09-03,36014.75,False,27.338888888888885,0.6807716997630375,7.787000000000001
874,1,A,97,2010-10-01,32954.82,False,22.16111111111111,0.6876401763613453,7.837999999999999
875,1,A,97,2010-11-05,35669.19,False,14.855555555555558,0.7103589835711321,7.837999999999999
876,1,A,97,2010-12-03,30659.4,False,9.594444444444447,0.7153782549314341,7.837999999999999
877,1,A,97,2011-01-07,35362.9,False,9.038888888888891,0.7861763983293752,7.742000000000001
878,1,A,98,2010-02-05,10891.37,False,5.727777777777779,0.6794508388787476,8.106
879,1,A,98,2010-03-05,10903.65,False,8.055555555555555,0.693451964252221,8.106
880,1,A,98,2010-04-02,14740.14,False,16.81666666666667,0.718284148876872,7.808
881,1,A,98,2010-05-07,10972.91,False,22.52777777777778,0.7489281213923986,7.808
882,1,A,98,2010-06-04,10994.44,False,27.049999999999997,0.7145857384008601,7.808
883,1,A,98,2010-07-02,10139.42,False,27.17222222222222,0.7050755400339724,7.787000000000001
884,1,A,98,2010-08-06,10210.44,False,30.64444444444444,0.693980308605937,7.787000000000001
885,1,A,98,2010-09-03,10282.67,False,27.338888888888885,0.6807716997630375,7.787000000000001
886,1,A,98,2010-10-01,10344.16,False,22.16111111111111,0.6876401763613453,7.837999999999999
887,1,A,98,2010-11-05,11084.68,False,14.855555555555558,0.7103589835711321,7.837999999999999
888,1,A,98,2010-12-03,10262.38,False,9.594444444444447,0.7153782549314341,7.837999999999999
889,1,A,98,2011-01-07,9419.13,False,9.038888888888891,0.7861763983293752,7.742000000000001
890,1,A,99,2010-07-02,0.01,False,27.17222222222222,0.7050755400339724,7.787000000000001
891,1,A,99,2011-03-04,380.0,False,15.32222222222222,0.8685981175090678,7.742000000000001
892,1,A,99,2011-05-13,230.0,False,24.244444444444444,1.0300073175692988,7.682
893,1,A,99,2011-06-17,50.0,False,30.227777777777774,0.9607942072325059,7.682
894,1,A,99,2011-08-19,510.0,False,32.18888888888889,0.9388679165532927,7.962000000000001
895,1,A,99,2011-09-02,20.0,False,31.016666666666666,0.933320300839275,7.962000000000001
896,1,A,99,2011-11-25,2400.0,True,15.633333333333333,0.8548611643124523,7.8660000000000005
897,1,A,99,2011-12-09,435.0,False,6.627777777777777,0.8342557345175291,7.8660000000000005
898,1,A,99,2012-02-03,330.0,False,13.638888888888888,0.8876185142428429,7.348
899,1,A,99,2012-04-06,140.0,False,21.350000000000005,1.027893940154435,7.143
900,1,A,99,2012-10-05,635.0,False,20.305555555555557,0.955510763695346,6.5729999999999995